{
    "ODESolver": "RKF",
    "G": 1,
    "m1": 1,
    "v1": [
        0.306892758965492,
        0.125506782829762
    ],
    "r1": [
        -1.0,
        0.0
    ],
    "m2": 1,
    "v2": [
        0.306892758965492,
        0.125506782829762
    ],
    "r2": [
        1.0,
        0.0
    ],
    "m3": 1,
    "v3": [
        -0.613785517930984,
        -0.251013565659524
    ],
    "r3": [
        0.0,
        0.0
    ],
    "T": 6.23564136316479,
    "steps": 100000,
    "h": 6.23564136316479e-05
}