{
    "ODESolver": "Verlet",
    "G": 1,
    "m1": 1,
    "v1": [
        0.1842784887,
        0.587188174
    ],
    "r1": [
        -1.0,
        0.0
    ],
    "m2": 1,
    "v2": [
        0.1842784887,
        0.587188174
    ],
    "r2": [
        1.0,
        0.0
    ],
    "m3": 1,
    "v3": [
        -0.3685569774,
        -1.174376348
    ],
    "r3": [
        0.0,
        0.0
    ],
    "T": 63.5343529785,
    "steps": 100000,
    "h": 0.0006353435297850001
}