{
    "ODESolver": "RKF",
    "G": 1,
    "m1": 1,
    "v1": [
        0.464445237398184,
        0.396059973403921
    ],
    "r1": [
        -1.0,
        0.0
    ],
    "m2": 1,
    "v2": [
        0.464445237398184,
        0.396059973403921
    ],
    "r2": [
        1.0,
        0.0
    ],
    "m3": 1,
    "v3": [
        -0.928890474796368,
        -0.792119946807842
    ],
    "r3": [
        0.0,
        0.0
    ],
    "T": 14.8939113169584,
    "steps": 10000,
    "h": 0.00148939113169584
}