{
    "ODESolver": "RK4",
    "G": 1,
    "m1": 1,
    "v1": [
        0.466203685,
        0.43236573
    ],
    "r1": [
        -0.97000436,
        0.24208753
    ],
    "m2": 1,
    "v2": [
        -0.933240737,
        -0.86473146
    ],
    "r2": [
        0.0,
        0.0
    ],
    "m3": 1,
    "v3": [
        0.466203685,
        0.43236573
    ],
    "r3": [
        0.97000436,
        -0.24208753
    ],
    "T": 63.259,
    "steps": 10000,
    "h": 0.0063259
}