{
    "ODESolver": "RK4",
    "G": 1,
    "m1": 1,
    "v1": [
        0.392955223941802,
        0.0975792352080344
    ],
    "r1": [
        -1.0,
        0.0
    ],
    "m2": 1,
    "v2": [
        0.392955223941802,
        0.0975792352080344
    ],
    "r2": [
        1.0,
        0.0
    ],
    "m3": 1,
    "v3": [
        -0.785910447883604,
        -0.1951584704160688
    ],
    "r3": [
        0.0,
        0.0
    ],
    "T": 14.00781477528028,
    "steps": 200000,
    "h": 7.00390738764014e-05
}